--------------------------------------------------------
--  File created - Tuesday-August-19-2014   
--------------------------------------------------------
--------------------------------------------------------
--  DDL for Table ADMINISTRATOR
--------------------------------------------------------

  CREATE TABLE "GROUPA"."ADMINISTRATOR" 
   (	"EMAIL" VARCHAR2(20 BYTE), 
	"PASSWORD" VARCHAR2(20 BYTE), 
	"NAME" VARCHAR2(20 BYTE)
   ) PCTFREE 10 PCTUSED 40 INITRANS 1 MAXTRANS 255 NOCOMPRESS LOGGING
  STORAGE(INITIAL 65536 NEXT 1048576 MINEXTENTS 1 MAXEXTENTS 2147483645
  PCTINCREASE 0 FREELISTS 1 FREELIST GROUPS 1 BUFFER_POOL DEFAULT)
  TABLESPACE "USERS" ;
--------------------------------------------------------
--  DDL for Table CLASS
--------------------------------------------------------

  CREATE TABLE "GROUPA"."CLASS" 
   (	"CLA_ID" VARCHAR2(20 BYTE), 
	"CLA_SECTION" VARCHAR2(20 BYTE), 
	"INS_ID" VARCHAR2(20 BYTE), 
	"COU_ID" VARCHAR2(20 BYTE)
   ) PCTFREE 10 PCTUSED 40 INITRANS 1 MAXTRANS 255 NOCOMPRESS LOGGING
  STORAGE(INITIAL 65536 NEXT 1048576 MINEXTENTS 1 MAXEXTENTS 2147483645
  PCTINCREASE 0 FREELISTS 1 FREELIST GROUPS 1 BUFFER_POOL DEFAULT)
  TABLESPACE "USERS" ;
--------------------------------------------------------
--  DDL for Table COURSE
--------------------------------------------------------

  CREATE TABLE "GROUPA"."COURSE" 
   (	"COU_ID" VARCHAR2(20 BYTE), 
	"COU_TITLE" VARCHAR2(20 BYTE), 
	"COU_DESC" VARCHAR2(20 BYTE), 
	"COU_CREDIT" VARCHAR2(20 BYTE), 
	"DEP_ID" VARCHAR2(20 BYTE)
   ) PCTFREE 10 PCTUSED 40 INITRANS 1 MAXTRANS 255 NOCOMPRESS LOGGING
  STORAGE(INITIAL 65536 NEXT 1048576 MINEXTENTS 1 MAXEXTENTS 2147483645
  PCTINCREASE 0 FREELISTS 1 FREELIST GROUPS 1 BUFFER_POOL DEFAULT)
  TABLESPACE "USERS" ;
--------------------------------------------------------
--  DDL for Table DEPARTMENT
--------------------------------------------------------

  CREATE TABLE "GROUPA"."DEPARTMENT" 
   (	"DEP_ID" VARCHAR2(20 BYTE), 
	"DEP_NAME" VARCHAR2(20 BYTE)
   ) PCTFREE 10 PCTUSED 40 INITRANS 1 MAXTRANS 255 NOCOMPRESS LOGGING
  STORAGE(INITIAL 65536 NEXT 1048576 MINEXTENTS 1 MAXEXTENTS 2147483645
  PCTINCREASE 0 FREELISTS 1 FREELIST GROUPS 1 BUFFER_POOL DEFAULT)
  TABLESPACE "USERS" ;
--------------------------------------------------------
--  DDL for Table GRADE
--------------------------------------------------------

  CREATE TABLE "GROUPA"."GRADE" 
   (	"GRADE" VARCHAR2(20 BYTE), 
	"STU_ID" VARCHAR2(20 BYTE), 
	"CLA_ID" VARCHAR2(20 BYTE)
   ) PCTFREE 10 PCTUSED 40 INITRANS 1 MAXTRANS 255 NOCOMPRESS LOGGING
  STORAGE(INITIAL 65536 NEXT 1048576 MINEXTENTS 1 MAXEXTENTS 2147483645
  PCTINCREASE 0 FREELISTS 1 FREELIST GROUPS 1 BUFFER_POOL DEFAULT)
  TABLESPACE "USERS" ;
--------------------------------------------------------
--  DDL for Table INSTRUCTOR
--------------------------------------------------------

  CREATE TABLE "GROUPA"."INSTRUCTOR" 
   (	"INS_ID" VARCHAR2(20 BYTE), 
	"INS_FIRST_NAME" VARCHAR2(20 BYTE), 
	"INS_LAST_NAME" VARCHAR2(20 BYTE), 
	"INS_DOB" VARCHAR2(20 BYTE), 
	"INS_SEX" VARCHAR2(20 BYTE), 
	"INS_ADDRESS" VARCHAR2(20 BYTE), 
	"EMAIL" VARCHAR2(50 BYTE), 
	"DEP_ID" VARCHAR2(20 BYTE), 
	"PASSWORD" VARCHAR2(20 BYTE), 
	"INS_PHONE" VARCHAR2(20 BYTE)
   ) PCTFREE 10 PCTUSED 40 INITRANS 1 MAXTRANS 255 NOCOMPRESS LOGGING
  STORAGE(INITIAL 65536 NEXT 1048576 MINEXTENTS 1 MAXEXTENTS 2147483645
  PCTINCREASE 0 FREELISTS 1 FREELIST GROUPS 1 BUFFER_POOL DEFAULT)
  TABLESPACE "USERS" ;
--------------------------------------------------------
--  DDL for Table STUDENT
--------------------------------------------------------

  CREATE TABLE "GROUPA"."STUDENT" 
   (	"STU_ID" VARCHAR2(20 BYTE), 
	"STU_FIRST_NAME" VARCHAR2(20 BYTE), 
	"STU_LAST_NAME" VARCHAR2(20 BYTE), 
	"STU_DOB" VARCHAR2(20 BYTE), 
	"STU_SEX" VARCHAR2(20 BYTE), 
	"STU_ADDRESS" VARCHAR2(50 BYTE), 
	"EMAIL" VARCHAR2(50 BYTE), 
	"STU_PHONE" VARCHAR2(20 BYTE), 
	"INS_ID" VARCHAR2(20 BYTE), 
	"DEP_ID" VARCHAR2(20 BYTE), 
	"PASSWORD" VARCHAR2(20 BYTE)
   ) PCTFREE 10 PCTUSED 40 INITRANS 1 MAXTRANS 255 NOCOMPRESS LOGGING
  STORAGE(INITIAL 65536 NEXT 1048576 MINEXTENTS 1 MAXEXTENTS 2147483645
  PCTINCREASE 0 FREELISTS 1 FREELIST GROUPS 1 BUFFER_POOL DEFAULT)
  TABLESPACE "USERS" ;
REM INSERTING into GROUPA.ADMINISTRATOR
SET DEFINE OFF;
Insert into GROUPA.ADMINISTRATOR (EMAIL,PASSWORD,NAME) values ('admin@gmail.com','admin','admin');
REM INSERTING into GROUPA.CLASS
SET DEFINE OFF;
Insert into GROUPA.CLASS (CLA_ID,CLA_SECTION,INS_ID,COU_ID) values ('501','a','201','301');
Insert into GROUPA.CLASS (CLA_ID,CLA_SECTION,INS_ID,COU_ID) values ('502','b','201','301');
Insert into GROUPA.CLASS (CLA_ID,CLA_SECTION,INS_ID,COU_ID) values ('503','a','202','301');
Insert into GROUPA.CLASS (CLA_ID,CLA_SECTION,INS_ID,COU_ID) values ('504','b','202','302');
REM INSERTING into GROUPA.COURSE
SET DEFINE OFF;
Insert into GROUPA.COURSE (COU_ID,COU_TITLE,COU_DESC,COU_CREDIT,DEP_ID) values ('301','IPCT','Internet','10','300');
Insert into GROUPA.COURSE (COU_ID,COU_TITLE,COU_DESC,COU_CREDIT,DEP_ID) values ('302','MOBT','mobile development','4','300');
REM INSERTING into GROUPA.DEPARTMENT
SET DEFINE OFF;
Insert into GROUPA.DEPARTMENT (DEP_ID,DEP_NAME) values ('200','Instructor');
Insert into GROUPA.DEPARTMENT (DEP_ID,DEP_NAME) values ('300','Course');
Insert into GROUPA.DEPARTMENT (DEP_ID,DEP_NAME) values ('100','Student');
REM INSERTING into GROUPA.GRADE
SET DEFINE OFF;
Insert into GROUPA.GRADE (GRADE,STU_ID,CLA_ID) values ('a','106','500');
Insert into GROUPA.GRADE (GRADE,STU_ID,CLA_ID) values ('a','101','500');
Insert into GROUPA.GRADE (GRADE,STU_ID,CLA_ID) values ('b','102','501');
Insert into GROUPA.GRADE (GRADE,STU_ID,CLA_ID) values ('c','103','503');
Insert into GROUPA.GRADE (GRADE,STU_ID,CLA_ID) values ('a','104','501');
Insert into GROUPA.GRADE (GRADE,STU_ID,CLA_ID) values ('a','105','503');
REM INSERTING into GROUPA.INSTRUCTOR
SET DEFINE OFF;
Insert into GROUPA.INSTRUCTOR (INS_ID,INS_FIRST_NAME,INS_LAST_NAME,INS_DOB,INS_SEX,INS_ADDRESS,EMAIL,DEP_ID,PASSWORD,INS_PHONE) values ('203','Safaa','Dawoud','2-2-1979','female','toronto','safaa@gmail.com','200','safaa','5343435256');
Insert into GROUPA.INSTRUCTOR (INS_ID,INS_FIRST_NAME,INS_LAST_NAME,INS_DOB,INS_SEX,INS_ADDRESS,EMAIL,DEP_ID,PASSWORD,INS_PHONE) values ('201','yelber','rehmani','2-2-1978','male','Toronto','yelber@yahoo.com','200','yelber','1234512345');
Insert into GROUPA.INSTRUCTOR (INS_ID,INS_FIRST_NAME,INS_LAST_NAME,INS_DOB,INS_SEX,INS_ADDRESS,EMAIL,DEP_ID,PASSWORD,INS_PHONE) values ('202','Arslen','Ali','2-2-1978','male','toronto','arslen@hotmail.com','200','arslen','1122334455');
REM INSERTING into GROUPA.STUDENT
SET DEFINE OFF;
Insert into GROUPA.STUDENT (STU_ID,STU_FIRST_NAME,STU_LAST_NAME,STU_DOB,STU_SEX,STU_ADDRESS,EMAIL,STU_PHONE,INS_ID,DEP_ID,PASSWORD) values ('103','Hardeep','singh','2-2-1978','male','etobicoke','hardeep@gmail.com','6475535535','201','100','hardeep');
Insert into GROUPA.STUDENT (STU_ID,STU_FIRST_NAME,STU_LAST_NAME,STU_DOB,STU_SEX,STU_ADDRESS,EMAIL,STU_PHONE,INS_ID,DEP_ID,PASSWORD) values ('106','madu','mita','20-2-1891','female','victoria park','madhu@gmail.com','222001002','201','100','madhu');
Insert into GROUPA.STUDENT (STU_ID,STU_FIRST_NAME,STU_LAST_NAME,STU_DOB,STU_SEX,STU_ADDRESS,EMAIL,STU_PHONE,INS_ID,DEP_ID,PASSWORD) values ('102','Hardik','Lodhiya','2-2-1978','male','scarbhrugh','lodhiya_hardik@yahoo.com','6475352652','202','100','hardik');
Insert into GROUPA.STUDENT (STU_ID,STU_FIRST_NAME,STU_LAST_NAME,STU_DOB,STU_SEX,STU_ADDRESS,EMAIL,STU_PHONE,INS_ID,DEP_ID,PASSWORD) values ('105','kim','kim','1-1-1998','male','downtown','kim@gmail.com','28282111','202','100','kim');
Insert into GROUPA.STUDENT (STU_ID,STU_FIRST_NAME,STU_LAST_NAME,STU_DOB,STU_SEX,STU_ADDRESS,EMAIL,STU_PHONE,INS_ID,DEP_ID,PASSWORD) values ('104','baba','Oatonike','4-3-1990','male','Scarborough','baba@gmail.com','220111616','202','100','baba');
Insert into GROUPA.STUDENT (STU_ID,STU_FIRST_NAME,STU_LAST_NAME,STU_DOB,STU_SEX,STU_ADDRESS,EMAIL,STU_PHONE,INS_ID,DEP_ID,PASSWORD) values ('101','Dhanesh','Patel','2-2-1978','male','Etobicoke','dhanesh@gmail.com','6475352652','201','100','dhanesh');
--------------------------------------------------------
--  DDL for Index INSTRUCTOR_PK
--------------------------------------------------------

  CREATE UNIQUE INDEX "GROUPA"."INSTRUCTOR_PK" ON "GROUPA"."INSTRUCTOR" ("INS_ID") 
  PCTFREE 10 INITRANS 2 MAXTRANS 255 COMPUTE STATISTICS 
  STORAGE(INITIAL 65536 NEXT 1048576 MINEXTENTS 1 MAXEXTENTS 2147483645
  PCTINCREASE 0 FREELISTS 1 FREELIST GROUPS 1 BUFFER_POOL DEFAULT)
  TABLESPACE "USERS" ;
--------------------------------------------------------
--  DDL for Index COURSE_PK
--------------------------------------------------------

  CREATE UNIQUE INDEX "GROUPA"."COURSE_PK" ON "GROUPA"."COURSE" ("COU_ID") 
  PCTFREE 10 INITRANS 2 MAXTRANS 255 COMPUTE STATISTICS 
  STORAGE(INITIAL 65536 NEXT 1048576 MINEXTENTS 1 MAXEXTENTS 2147483645
  PCTINCREASE 0 FREELISTS 1 FREELIST GROUPS 1 BUFFER_POOL DEFAULT)
  TABLESPACE "USERS" ;
--------------------------------------------------------
--  DDL for Index CLASS_PK
--------------------------------------------------------

  CREATE UNIQUE INDEX "GROUPA"."CLASS_PK" ON "GROUPA"."CLASS" ("CLA_ID") 
  PCTFREE 10 INITRANS 2 MAXTRANS 255 
  STORAGE(INITIAL 65536 NEXT 1048576 MINEXTENTS 1 MAXEXTENTS 2147483645
  PCTINCREASE 0 FREELISTS 1 FREELIST GROUPS 1 BUFFER_POOL DEFAULT)
  TABLESPACE "USERS" ;
--------------------------------------------------------
--  DDL for Index STUDENT_PK
--------------------------------------------------------

  CREATE UNIQUE INDEX "GROUPA"."STUDENT_PK" ON "GROUPA"."STUDENT" ("STU_ID") 
  PCTFREE 10 INITRANS 2 MAXTRANS 255 COMPUTE STATISTICS 
  STORAGE(INITIAL 65536 NEXT 1048576 MINEXTENTS 1 MAXEXTENTS 2147483645
  PCTINCREASE 0 FREELISTS 1 FREELIST GROUPS 1 BUFFER_POOL DEFAULT)
  TABLESPACE "USERS" ;
--------------------------------------------------------
--  DDL for Index DEPARTMENT_PK
--------------------------------------------------------

  CREATE UNIQUE INDEX "GROUPA"."DEPARTMENT_PK" ON "GROUPA"."DEPARTMENT" ("DEP_ID") 
  PCTFREE 10 INITRANS 2 MAXTRANS 255 COMPUTE STATISTICS 
  STORAGE(INITIAL 65536 NEXT 1048576 MINEXTENTS 1 MAXEXTENTS 2147483645
  PCTINCREASE 0 FREELISTS 1 FREELIST GROUPS 1 BUFFER_POOL DEFAULT)
  TABLESPACE "USERS" ;
--------------------------------------------------------
--  Constraints for Table DEPARTMENT
--------------------------------------------------------

  ALTER TABLE "GROUPA"."DEPARTMENT" ADD CONSTRAINT "DEPARTMENT_PK" PRIMARY KEY ("DEP_ID")
  USING INDEX PCTFREE 10 INITRANS 2 MAXTRANS 255 COMPUTE STATISTICS 
  STORAGE(INITIAL 65536 NEXT 1048576 MINEXTENTS 1 MAXEXTENTS 2147483645
  PCTINCREASE 0 FREELISTS 1 FREELIST GROUPS 1 BUFFER_POOL DEFAULT)
  TABLESPACE "USERS"  ENABLE;
 
  ALTER TABLE "GROUPA"."DEPARTMENT" MODIFY ("DEP_ID" NOT NULL ENABLE);
--------------------------------------------------------
--  Constraints for Table CLASS
--------------------------------------------------------

  ALTER TABLE "GROUPA"."CLASS" ADD CONSTRAINT "CLASS_PK" PRIMARY KEY ("CLA_ID")
  USING INDEX PCTFREE 10 INITRANS 2 MAXTRANS 255 
  STORAGE(INITIAL 65536 NEXT 1048576 MINEXTENTS 1 MAXEXTENTS 2147483645
  PCTINCREASE 0 FREELISTS 1 FREELIST GROUPS 1 BUFFER_POOL DEFAULT)
  TABLESPACE "USERS"  ENABLE;
 
  ALTER TABLE "GROUPA"."CLASS" MODIFY ("CLA_ID" NOT NULL ENABLE);

--------------------------------------------------------
--  Constraints for Table STUDENT
--------------------------------------------------------

  ALTER TABLE "GROUPA"."STUDENT" ADD CONSTRAINT "STUDENT_PK" PRIMARY KEY ("STU_ID")
  USING INDEX PCTFREE 10 INITRANS 2 MAXTRANS 255 COMPUTE STATISTICS 
  STORAGE(INITIAL 65536 NEXT 1048576 MINEXTENTS 1 MAXEXTENTS 2147483645
  PCTINCREASE 0 FREELISTS 1 FREELIST GROUPS 1 BUFFER_POOL DEFAULT)
  TABLESPACE "USERS"  ENABLE;
 
  ALTER TABLE "GROUPA"."STUDENT" MODIFY ("STU_ID" NOT NULL ENABLE);

--------------------------------------------------------
--  Constraints for Table COURSE
--------------------------------------------------------

  ALTER TABLE "GROUPA"."COURSE" ADD CONSTRAINT "COURSE_PK" PRIMARY KEY ("COU_ID")
  USING INDEX PCTFREE 10 INITRANS 2 MAXTRANS 255 COMPUTE STATISTICS 
  STORAGE(INITIAL 65536 NEXT 1048576 MINEXTENTS 1 MAXEXTENTS 2147483645
  PCTINCREASE 0 FREELISTS 1 FREELIST GROUPS 1 BUFFER_POOL DEFAULT)
  TABLESPACE "USERS"  ENABLE;
 
  ALTER TABLE "GROUPA"."COURSE" MODIFY ("COU_ID" NOT NULL ENABLE);
--------------------------------------------------------
--  Constraints for Table INSTRUCTOR
--------------------------------------------------------

  ALTER TABLE "GROUPA"."INSTRUCTOR" ADD CONSTRAINT "INSTRUCTOR_PK" PRIMARY KEY ("INS_ID")
  USING INDEX PCTFREE 10 INITRANS 2 MAXTRANS 255 COMPUTE STATISTICS 
  STORAGE(INITIAL 65536 NEXT 1048576 MINEXTENTS 1 MAXEXTENTS 2147483645
  PCTINCREASE 0 FREELISTS 1 FREELIST GROUPS 1 BUFFER_POOL DEFAULT)
  TABLESPACE "USERS"  ENABLE;
 
  ALTER TABLE "GROUPA"."INSTRUCTOR" MODIFY ("INS_ID" NOT NULL ENABLE);

--------------------------------------------------------
--  Ref Constraints for Table CLASS
--------------------------------------------------------

  ALTER TABLE "GROUPA"."CLASS" ADD CONSTRAINT "COU_CLA_FK" FOREIGN KEY ("COU_ID")
	  REFERENCES "GROUPA"."COURSE" ("COU_ID") ON DELETE CASCADE ENABLE;
 
  ALTER TABLE "GROUPA"."CLASS" ADD CONSTRAINT "INS_CLA_FK" FOREIGN KEY ("INS_ID")
	  REFERENCES "GROUPA"."INSTRUCTOR" ("INS_ID") ON DELETE CASCADE ENABLE;
--------------------------------------------------------
--  Ref Constraints for Table COURSE
--------------------------------------------------------

  ALTER TABLE "GROUPA"."COURSE" ADD CONSTRAINT "DEP_CLA_FK" FOREIGN KEY ("DEP_ID")
	  REFERENCES "GROUPA"."DEPARTMENT" ("DEP_ID") ON DELETE CASCADE ENABLE;


--------------------------------------------------------
--  Ref Constraints for Table INSTRUCTOR
--------------------------------------------------------

  ALTER TABLE "GROUPA"."INSTRUCTOR" ADD CONSTRAINT "DEP_INS_FK" FOREIGN KEY ("DEP_ID")
	  REFERENCES "GROUPA"."DEPARTMENT" ("DEP_ID") ON DELETE CASCADE ENABLE;
--------------------------------------------------------
--  Ref Constraints for Table STUDENT
--------------------------------------------------------

  ALTER TABLE "GROUPA"."STUDENT" ADD CONSTRAINT "DEP_STU_FK" FOREIGN KEY ("DEP_ID")
	  REFERENCES "GROUPA"."DEPARTMENT" ("DEP_ID") ON DELETE CASCADE ENABLE;
 
  ALTER TABLE "GROUPA"."STUDENT" ADD CONSTRAINT "INS_STU_FK" FOREIGN KEY ("INS_ID")
	  REFERENCES "GROUPA"."INSTRUCTOR" ("INS_ID") ON DELETE CASCADE ENABLE;
